{
    "landmark_0": {
        "x": 0.0856405645608902,
        "y": -0.6291359066963196,
        "z": -0.15929611027240753,
        "visibility": 0.9999544620513916
    },
    "landmark_1": {
        "x": 0.07236950099468231,
        "y": -0.6689333915710449,
        "z": -0.14091622829437256,
        "visibility": 0.9999053478240967
    },
    "landmark_2": {
        "x": 0.07262751460075378,
        "y": -0.6692546010017395,
        "z": -0.139874666929245,
        "visibility": 0.999894380569458
    },
    "landmark_3": {
        "x": 0.07245508581399918,
        "y": -0.6698053479194641,
        "z": -0.14009901881217957,
        "visibility": 0.9998675584793091
    },
    "landmark_4": {
        "x": 0.0524354949593544,
        "y": -0.6636865735054016,
        "z": -0.16470439732074738,
        "visibility": 0.9999446868896484
    },
    "landmark_5": {
        "x": 0.052909936755895615,
        "y": -0.6648739576339722,
        "z": -0.16538459062576294,
        "visibility": 0.9999450445175171
    },
    "landmark_6": {
        "x": 0.05277508124709129,
        "y": -0.6661821007728577,
        "z": -0.16468693315982819,
        "visibility": 0.9999508857727051
    },
    "landmark_7": {
        "x": 0.019721461459994316,
        "y": -0.6594827771186829,
        "z": -0.028831126168370247,
        "visibility": 0.9997525811195374
    },
    "landmark_8": {
        "x": -0.06610092520713806,
        "y": -0.6433873772621155,
        "z": -0.147497296333313,
        "visibility": 0.9999586343765259
    },
    "landmark_9": {
        "x": 0.0705680400133133,
        "y": -0.6037014722824097,
        "z": -0.11944930255413055,
        "visibility": 0.9999024868011475
    },
    "landmark_10": {
        "x": 0.04557480663061142,
        "y": -0.5989943146705627,
        "z": -0.15047670900821686,
        "visibility": 0.9999722242355347
    },
    "landmark_11": {
        "x": 0.06074362248182297,
        "y": -0.47430455684661865,
        "z": 0.10895857214927673,
        "visibility": 0.9970163106918335
    },
    "landmark_12": {
        "x": -0.14044374227523804,
        "y": -0.46816757321357727,
        "z": -0.17522002756595612,
        "visibility": 0.9999829530715942
    },
    "landmark_13": {
        "x": 0.0715305432677269,
        "y": -0.25930264592170715,
        "z": 0.17608989775180817,
        "visibility": 0.12405448406934738
    },
    "landmark_14": {
        "x": -0.24407778680324554,
        "y": -0.24320383369922638,
        "z": -0.18986265361309052,
        "visibility": 0.9991600513458252
    },
    "landmark_15": {
        "x": 0.12089424580335617,
        "y": -0.07545139640569687,
        "z": 0.06772319227457047,
        "visibility": 0.11854322254657745
    },
    "landmark_16": {
        "x": -0.13425138592720032,
        "y": -0.07292616367340088,
        "z": -0.2286205142736435,
        "visibility": 0.9934003353118896
    },
    "landmark_17": {
        "x": 0.1305774301290512,
        "y": -0.005982072092592716,
        "z": 0.05124531686306,
        "visibility": 0.11599460244178772
    },
    "landmark_18": {
        "x": -0.10135245323181152,
        "y": -0.014802787452936172,
        "z": -0.2591491639614105,
        "visibility": 0.9826498031616211
    },
    "landmark_19": {
        "x": 0.12629371881484985,
        "y": -0.00807840283960104,
        "z": 0.021178599447011948,
        "visibility": 0.11673495918512344
    },
    "landmark_20": {
        "x": -0.06493338197469711,
        "y": -0.02931286208331585,
        "z": -0.26183944940567017,
        "visibility": 0.9799247980117798
    },
    "landmark_21": {
        "x": 0.11555982381105423,
        "y": -0.06196316331624985,
        "z": 0.052127327769994736,
        "visibility": 0.11557893455028534
    },
    "landmark_22": {
        "x": -0.11213444918394089,
        "y": -0.06539811939001083,
        "z": -0.22956062853336334,
        "visibility": 0.9644581079483032
    },
    "landmark_23": {
        "x": 0.08322466909885406,
        "y": -0.02420816756784916,
        "z": 0.09005946666002274,
        "visibility": 0.9984521865844727
    },
    "landmark_24": {
        "x": -0.08351080864667892,
        "y": 0.023790836334228516,
        "z": -0.08856646716594696,
        "visibility": 0.9993268251419067
    },
    "landmark_25": {
        "x": 0.3480142056941986,
        "y": 0.07919304817914963,
        "z": -0.08091936260461807,
        "visibility": 0.9952867031097412
    },
    "landmark_26": {
        "x": -0.02372007444500923,
        "y": 0.44007307291030884,
        "z": -0.08552928268909454,
        "visibility": 0.9990035891532898
    },
    "landmark_27": {
        "x": 0.39483851194381714,
        "y": 0.4591219425201416,
        "z": -0.03448750078678131,
        "visibility": 0.9940337538719177
    },
    "landmark_28": {
        "x": 0.0003934488631784916,
        "y": 0.8123820424079895,
        "z": -0.04743541404604912,
        "visibility": 0.9990752935409546
    },
    "landmark_29": {
        "x": 0.4103600084781647,
        "y": 0.5053294897079468,
        "z": -0.03784254193305969,
        "visibility": 0.9893729090690613
    },
    "landmark_30": {
        "x": 0.008031163364648819,
        "y": 0.8608189225196838,
        "z": -0.0540369376540184,
        "visibility": 0.9856084585189819
    },
    "landmark_31": {
        "x": 0.5401568412780762,
        "y": 0.5438510775566101,
        "z": -0.11245697736740112,
        "visibility": 0.9944788217544556
    },
    "landmark_32": {
        "x": 0.07618030160665512,
        "y": 0.9044655561447144,
        "z": -0.18946844339370728,
        "visibility": 0.9969582557678223
    }
}