{
    "landmark_0": {
        "x": 0.46400195360183716,
        "y": 0.26997482776641846,
        "z": -0.24143698811531067,
        "visibility": 0.9999544620513916
    },
    "landmark_1": {
        "x": 0.46091461181640625,
        "y": 0.25737282633781433,
        "z": -0.2103474885225296,
        "visibility": 0.9999053478240967
    },
    "landmark_2": {
        "x": 0.46199148893356323,
        "y": 0.2575809061527252,
        "z": -0.21037527918815613,
        "visibility": 0.999894380569458
    },
    "landmark_3": {
        "x": 0.4628843367099762,
        "y": 0.2576106786727905,
        "z": -0.21041718125343323,
        "visibility": 0.9998675584793091
    },
    "landmark_4": {
        "x": 0.45350655913352966,
        "y": 0.256406307220459,
        "z": -0.2486356794834137,
        "visibility": 0.9999446868896484
    },
    "landmark_5": {
        "x": 0.44917669892311096,
        "y": 0.25609681010246277,
        "z": -0.24868157505989075,
        "visibility": 0.9999450445175171
    },
    "landmark_6": {
        "x": 0.44377413392066956,
        "y": 0.25575876235961914,
        "z": -0.24872922897338867,
        "visibility": 0.9999508857727051
    },
    "landmark_7": {
        "x": 0.45148783922195435,
        "y": 0.261900395154953,
        "z": -0.0453408844769001,
        "visibility": 0.9997525811195374
    },
    "landmark_8": {
        "x": 0.422447144985199,
        "y": 0.2615256905555725,
        "z": -0.21798571944236755,
        "visibility": 0.9999586343765259
    },
    "landmark_9": {
        "x": 0.46428346633911133,
        "y": 0.2835201919078827,
        "z": -0.17737440764904022,
        "visibility": 0.9999024868011475
    },
    "landmark_10": {
        "x": 0.4545944333076477,
        "y": 0.2838692367076874,
        "z": -0.227581188082695,
        "visibility": 0.9999722242355347
    },
    "landmark_11": {
        "x": 0.4667538106441498,
        "y": 0.3427138328552246,
        "z": 0.14459389448165894,
        "visibility": 0.9970163106918335
    },
    "landmark_12": {
        "x": 0.38083991408348083,
        "y": 0.33491092920303345,
        "z": -0.24583320319652557,
        "visibility": 0.9999829530715942
    },
    "landmark_13": {
        "x": 0.4774569869041443,
        "y": 0.43225106596946716,
        "z": 0.25114697217941284,
        "visibility": 0.12405448406934738
    },
    "landmark_14": {
        "x": 0.3220391273498535,
        "y": 0.42588624358177185,
        "z": -0.28565895557403564,
        "visibility": 0.9991600513458252
    },
    "landmark_15": {
        "x": 0.4915390610694885,
        "y": 0.5011261105537415,
        "z": 0.1146044135093689,
        "visibility": 0.11854322254657745
    },
    "landmark_16": {
        "x": 0.3755897283554077,
        "y": 0.5039626359939575,
        "z": -0.3383884131908417,
        "visibility": 0.9934003353118896
    },
    "landmark_17": {
        "x": 0.4955495297908783,
        "y": 0.5235576033592224,
        "z": 0.09477733820676804,
        "visibility": 0.11599460244178772
    },
    "landmark_18": {
        "x": 0.39389026165008545,
        "y": 0.515776515007019,
        "z": -0.38425591588020325,
        "visibility": 0.9826498031616211
    },
    "landmark_19": {
        "x": 0.4967213571071625,
        "y": 0.5236283540725708,
        "z": 0.04989549517631531,
        "visibility": 0.11673495918512344
    },
    "landmark_20": {
        "x": 0.4007948040962219,
        "y": 0.5039764642715454,
        "z": -0.38264939188957214,
        "visibility": 0.9799247980117798
    },
    "landmark_21": {
        "x": 0.4926758408546448,
        "y": 0.5151433944702148,
        "z": 0.09040075540542603,
        "visibility": 0.11557893455028534
    },
    "landmark_22": {
        "x": 0.39825764298439026,
        "y": 0.49999135732650757,
        "z": -0.3356412649154663,
        "visibility": 0.9644581079483032
    },
    "landmark_23": {
        "x": 0.4680653214454651,
        "y": 0.5254436731338501,
        "z": 0.1258029043674469,
        "visibility": 0.9984521865844727
    },
    "landmark_24": {
        "x": 0.4111109673976898,
        "y": 0.53835529088974,
        "z": -0.12557896971702576,
        "visibility": 0.9993268251419067
    },
    "landmark_25": {
        "x": 0.5865043997764587,
        "y": 0.5466557145118713,
        "z": -0.1393100619316101,
        "visibility": 0.9952867031097412
    },
    "landmark_26": {
        "x": 0.4246904253959656,
        "y": 0.6960998177528381,
        "z": -0.16780103743076324,
        "visibility": 0.9990035891532898
    },
    "landmark_27": {
        "x": 0.5923233032226562,
        "y": 0.7140616774559021,
        "z": -0.04505830630660057,
        "visibility": 0.9940337538719177
    },
    "landmark_28": {
        "x": 0.43589383363723755,
        "y": 0.8575499653816223,
        "z": -0.07251481711864471,
        "visibility": 0.9990752935409546
    },
    "landmark_29": {
        "x": 0.576639711856842,
        "y": 0.7512569427490234,
        "z": -0.04409627243876457,
        "visibility": 0.9893729090690613
    },
    "landmark_30": {
        "x": 0.424812376499176,
        "y": 0.880226731300354,
        "z": -0.0757296234369278,
        "visibility": 0.9856084585189819
    },
    "landmark_31": {
        "x": 0.6550053954124451,
        "y": 0.7199763059616089,
        "z": -0.1738644242286682,
        "visibility": 0.9944788217544556
    },
    "landmark_32": {
        "x": 0.4963725209236145,
        "y": 0.8844944834709167,
        "z": -0.2796420454978943,
        "visibility": 0.9969582557678223
    }
}